{
    "predicted_power": 572.33,
    "risk_status": "\ud83d\udd34 CRITICAL \u2013 Very Low Hydro",
    "rainfall_mm": 10.86,
    "reservoir_level": 50.0,
    "forecast": [
        68177.15218775127,
        125566.88249601796,
        279472.81441597943,
        182842.52991233085,
        114956.32315796852,
        59414.757625082915,
        99244.69383111579,
        101050.22841484094
    ],
    "scenario": {
        "normal": 106633.27,
        "rainfall_drop_20": 76726.82
    }
}